risk_tier,loan_count,total_exposure,avg_pd,actual_default_rate,total_expected_loss,approve_count,refer_count,deny_count,pct_of_portfolio,pct_of_exposure
High,7888,9.408175e+07,0.2886514198782961,0.06630324543610548,16331576.76,0,7618,270,16.7,13.3
Low,1676,1.88814e+07,0.09072476133651551,0.017899761336515514,1031677.7625,1672,0,4,3.6,2.7
Medium,4313,4.9167624e+07,0.17352339438905634,0.03732900533271505,5134414.1985,4259,0,54,9.1,7.0
Very High,33192,5.4174586e+08,0.5738520938780429,0.1878464690286816,193373903.8845,0,0,33192,70.3,76.8
Very Low,122,1.080875e+06,0.04124754098360656,0.01639344262295082,26845.029,122,0,0,0.3,0.2
